File Path,Latitude,Longitude
50000.png,-22.81322954,22.03515412
50001.png,16.2263944,-14.07406777
50002.png,0.000271325,40.38448656
50003.png,1.215827407,34.73411179
50004.png,-28.30400068,24.55413662
50005.png,8.872528612,11.41777784
50006.png,0.61424489,39.23578178
50007.png,-33.74513013,24.63639357
50008.png,7.008317748,-1.135487356
50009.png,-31.56551477,23.26475001
50010.png,9.176363313,0.018828959
50011.png,-22.77372312,29.35571295
50012.png,0.390192843,36.29981723
50013.png,-23.44224825,22.55637297
50014.png,8.551204198,7.716167787
50015.png,14.29576585,-16.03697872
50016.png,-20.16702312,25.40310216
50017.png,0.045833764,37.21106104
50018.png,36.88587343,-3.020766481
50019.png,8.175055937,8.594919223
50020.png,7.379457028,7.622734386
50021.png,-28.03707441,28.21447163
50022.png,-28.71205743,25.79856712
50023.png,-30.96374472,19.37841716
50024.png,13.08066041,5.266562403
50025.png,-30.8805608,20.43974922
50026.png,-30.85345956,21.85213066
50027.png,0.781174855,36.01642378
50028.png,-22.9091247,22.11392646
50029.png,9.227082799,5.635448923
50030.png,-2.113850988,37.32733291
50031.png,16.49810204,-14.54946393
50032.png,12.633353,8.424316368
50033.png,14.42955385,-3.324885623
50034.png,0.277860404,34.69879359
50035.png,14.69382841,-15.64987483
50036.png,10.3134576,10.55913801
50037.png,-26.73123036,20.63285469
50038.png,-21.82104699,28.82309995
50039.png,6.927928268,-2.364829397
50040.png,9.011309,-2.476844187
50041.png,10.70872028,-2.365003863
50042.png,7.221820038,7.501016082
50043.png,0.89757796,35.31461571
50044.png,-21.19767737,24.7982869
50045.png,12.58349028,8.471082938
50046.png,-23.85409195,21.1295789
50047.png,36.90960628,34.8873172
50048.png,9.121942671,-1.27466573
50049.png,6.884114538,3.104744481
50050.png,-21.81497816,43.29511834
50051.png,-20.63393527,22.32271408
50052.png,-30.4256181,29.14123614
50053.png,-3.176713909,39.68468182
50054.png,10.19136931,11.114652
50055.png,10.02056113,8.936191319
50056.png,-28.03716186,31.58033399
50057.png,12.68635546,-14.93854548
50058.png,9.337165632,5.225381681
50059.png,10.64508963,4.895889284
50060.png,8.837486674,7.979396762
50061.png,13.80285881,-13.88914875
50062.png,-1.194027093,35.7250823
50063.png,29.65082568,35.20976613
50064.png,35.64253821,10.08894522
50065.png,12.85195982,5.148620042
50066.png,-22.61308467,29.85201586
50067.png,-2.23945673,37.43339556
50068.png,16.77616898,-3.005472455
50069.png,36.68323922,29.41621217
50070.png,15.9649294,-13.59656556
50071.png,-25.80421198,23.69288288
50072.png,10.96581379,-2.425966329
50073.png,8.520547679,10.6340739
50074.png,7.23170443,5.078941091
50075.png,-23.89706629,22.08721389
50076.png,-21.79622525,26.23710597
50077.png,37.14576206,34.83217781
50078.png,6.817347598,-2.502632254
50079.png,-30.82259381,24.95145531
50080.png,10.67474485,8.466179764
50081.png,0.391470773,40.92794968
50082.png,8.380460385,4.991607436
50083.png,8.282785164,5.832446679
50084.png,7.65995437,4.456267985
50085.png,9.511379916,8.605722117
50086.png,-28.76769176,28.661826
50087.png,15.07186002,-12.88021504
50088.png,7.464379045,6.612909921
50089.png,-20.12230843,22.33630233
50090.png,-33.26756902,20.14729053
50091.png,-22.13965299,27.0129967
50092.png,-28.1356689,28.09342238
50093.png,0.57199872,38.78106715
50094.png,4.866647472,6.375697882
50095.png,36.53736454,34.05102034
50096.png,6.527660048,-2.19494872
50097.png,5.837818378,8.04448344
50098.png,8.029272897,9.996629059
50099.png,11.03728345,7.441913148
50100.png,6.917510318,7.276932893
50101.png,7.930111703,4.482951161
50102.png,16.2893809,-0.045093347
50103.png,-30.81842359,29.16503398
50104.png,7.651322404,5.595467503
50105.png,37.22159066,39.91541772
50106.png,-23.61517964,20.89817191
50107.png,37.202541,27.74852977
50108.png,13.06069742,-14.52122212
50109.png,2.322725771,37.99244712
50110.png,5.845050677,8.038924872
50111.png,-23.74001621,26.47733885
50112.png,-3.408153443,38.9524988
50113.png,-24.56335905,24.13831241
50114.png,4.689639673,7.451001059
50115.png,0.128694173,35.90287026
50116.png,9.30383848,7.233835813
50117.png,11.00135057,-2.747336005
50118.png,-27.70396111,28.02826358
50119.png,15.24663353,-14.68895138
50120.png,8.186886756,9.742105669
50121.png,-32.83251621,24.28738209
50122.png,-3.704088293,39.72492165
50123.png,-28.32267003,20.80303674
50124.png,37.17664187,37.13013642
50125.png,-0.810513801,36.09191312
50126.png,-28.76457524,28.58396633
50127.png,1.271908009,35.14561556
50128.png,-18.11489266,25.32882548
50129.png,-3.407798144,38.06917053
50130.png,2.770539493,38.09321969
50131.png,13.90543183,-4.555202476
50132.png,13.0359533,5.185722572
50133.png,-29.45226465,18.49759809
50134.png,12.47109209,6.180659708
50135.png,11.79910918,8.50078374
50136.png,36.92003941,40.23423821
50137.png,-22.11370889,20.51197806
50138.png,-29.52628348,28.77116355
50139.png,7.80489216,3.714088075
50140.png,5.99421677,5.772603595
50141.png,-21.1460997,24.58361622
50142.png,14.25167321,-5.982243908
50143.png,5.721599809,-0.242150961
50144.png,-23.81488093,22.39506694
50145.png,-23.56315379,23.06976686
50146.png,14.74492268,-12.98107056
50147.png,32.18193798,35.1166315
50148.png,-25.19508522,23.28502682
50149.png,10.28496896,13.07614789
50150.png,-21.55306769,25.65909934
50151.png,-20.11908244,23.34010044
50152.png,11.7319669,12.0839752
50153.png,6.153018464,7.930074955
50154.png,1.363939398,35.25679988
50155.png,0.006566327,35.52869062
50156.png,9.197358652,0.020552976
50157.png,7.652559695,8.868394197
50158.png,6.495300414,4.87047679
50159.png,0.234609722,40.32996724
50160.png,1.998050081,35.9376267
50161.png,-18.23634176,25.43322992
50162.png,16.65503531,-14.95571674
50163.png,13.39092368,-11.6412023
50164.png,-0.551147033,37.62197774
50165.png,-31.42040582,22.5349028
50166.png,0.756371803,39.60741703
50167.png,14.89819064,-16.53942902
50168.png,12.68635546,-14.93854548
50169.png,-21.14842325,22.33315686
50170.png,8.868794434,-2.343853012
50171.png,3.087230855,36.09143539
50172.png,37.07875138,40.36108248
50173.png,10.67291082,11.36006787
50174.png,12.15075498,6.70443292
50175.png,-22.10484597,20.65464273
50176.png,2.21202269,35.76889956
50177.png,-26.6756063,24.82586463
50178.png,6.390717336,4.217318546
50179.png,-27.32066903,29.83586926
50180.png,-0.420278252,36.15600253
50181.png,-21.20261296,21.67615209
50182.png,9.919532053,7.433576875
50183.png,10.42125116,-2.467216462
50184.png,-0.538374246,34.16582493
50185.png,10.71365745,4.796964706
50186.png,5.877628703,0.382017349
50187.png,7.213357894,5.25194083
50188.png,-34.04771888,22.36795977
50189.png,-19.20798783,25.79027922
50190.png,-29.92058524,22.29748117
50191.png,-23.54793827,24.73134482
50192.png,-22.13612815,20.98468741
50193.png,-30.37898326,20.50202555
50194.png,7.202088993,9.526892875
50195.png,6.940141207,-2.348507091
50196.png,11.86716288,9.002289101
50197.png,3.232491326,39.21757587
50198.png,-29.31279401,18.78260272
50199.png,16.28962282,-0.04502649
50200.png,-3.018337106,38.28154712
50201.png,9.029261516,-0.527713618
50202.png,9.230081499,-2.288534404
50203.png,-30.40170349,20.49470135
50204.png,14.95778099,-16.86885075
50205.png,8.823207796,7.046682652
50206.png,10.16368725,7.90580241
50207.png,11.73193925,9.587312793
50208.png,11.31309376,11.30531251
50209.png,16.38390587,-14.06307515
50210.png,-28.97382402,29.89110442
50211.png,12.67866036,5.509878854
50212.png,-0.42312022,36.01891188
50213.png,-19.37300946,25.87740468
50214.png,16.28962186,-0.044627024
50215.png,12.55446824,6.110648161
50216.png,12.46900287,-11.90845441
50217.png,8.628149948,8.373059024
50218.png,6.22212995,6.14014447
50219.png,6.308346848,6.419462194
50220.png,0.451126112,40.28712758
50221.png,-26.6524662,21.83446174
50222.png,14.25164248,-5.982373321
50223.png,6.606183173,-2.101240279
50224.png,12.34930038,9.634690528
50225.png,-26.75612574,20.00075983
50226.png,-26.89503077,24.75144508
50227.png,-33.81342353,19.81468421
50228.png,-2.428950555,37.6667537
50229.png,6.546828747,-2.169647951
50230.png,6.667236302,3.06449102
50231.png,12.09253309,9.323421348
50232.png,-26.70312659,26.14911822
50233.png,14.91387696,-12.45696439
50234.png,-26.84589012,25.99922266
50235.png,7.353489901,-2.388124649
50236.png,11.50630798,4.493739494
50237.png,8.282785164,5.832446679
50238.png,9.596010847,6.020632454
50239.png,-21.16861553,22.308766
50240.png,7.198461389,4.349549923
50241.png,16.28942793,-0.045096009
50242.png,-1.35484417,37.92133859
50243.png,-30.81369084,18.11571477
50244.png,35.19197925,24.45219479
50245.png,12.37562362,4.604407935
50246.png,-22.90311802,22.10859308
50247.png,-0.40913847,35.06705487
50248.png,11.03716409,9.573876773
50249.png,37.2129632,39.53681473
50250.png,10.55837151,11.365356
50251.png,-33.00391143,20.56827522
50252.png,11.01790499,4.768007109
50253.png,-22.43270553,21.75343495
50254.png,10.11461217,6.12423154
50255.png,-33.49223608,23.57259103
50256.png,1.732646234,40.62545106
50257.png,33.78021214,10.85055604
50258.png,-3.38559329,37.7928072
50259.png,9.680126803,6.551335877
50260.png,13.05141929,5.187389087
50261.png,-30.0506825,28.4929367
50262.png,-21.78469119,26.08287478
50263.png,-1.189372354,39.82989901
50264.png,-23.12225351,26.19759182
50265.png,16.06686444,-13.91013488
50266.png,-24.94614704,25.71633353
50267.png,-3.048020967,38.6703427
50268.png,13.39092368,-11.6412023
50269.png,6.364963227,4.802050767
50270.png,-0.077152842,38.4243625
50271.png,-0.168252458,38.40545533
50272.png,14.41702841,-12.20672942
50273.png,14.25152768,-5.982178092
50274.png,28.30679889,-14.15061286
50275.png,10.56951258,10.15640477
50276.png,14.81071823,-15.5165111
50277.png,8.006148463,5.612908966
50278.png,1.404124031,35.30856201
50279.png,-32.89828288,26.63246189
50280.png,-22.49129318,21.79814576
50281.png,6.217935222,6.179630429
50282.png,7.927262944,9.866878773
50283.png,7.465370711,6.610634958
50284.png,8.38696267,8.351332962
50285.png,-21.06172011,21.72804268
50286.png,10.04412893,8.994802941
50287.png,11.23443443,11.33806085
50288.png,14.43088781,-16.31462114
50289.png,7.381389253,-2.202540979
50290.png,-21.37205017,25.32102306
50291.png,11.24533955,9.603246342
50292.png,-3.790747058,39.25670516
50293.png,-23.65108729,21.45214743
50294.png,10.28919875,10.39374267
50295.png,3.484347646,39.06319855
50296.png,9.122726254,-1.27301811
50297.png,-25.20737165,29.3007848
50298.png,10.45678106,8.635790477
50299.png,8.938713568,8.420507824
50300.png,16.49269301,-14.4404709
50301.png,16.51210618,-14.7353241
50302.png,-1.837002299,37.63942705
50303.png,7.155746971,4.740307853
50304.png,6.167163446,-0.555831744
50305.png,12.36111966,8.748322789
50306.png,-23.52982271,20.76288488
50307.png,-28.01976779,21.44991958
50308.png,6.087670986,1.064033645
50309.png,-27.43939895,26.30044753
50310.png,-25.28995451,23.01859316
50311.png,-4.597594055,39.10693496
50312.png,5.576525951,5.687498652
50313.png,-27.55544589,30.84589241
50314.png,16.38390587,-14.06307515
50315.png,-26.98925873,31.65510365
50316.png,12.42657104,8.514000903
50317.png,5.290178982,-2.639594884
50318.png,10.53763543,9.766910225
50319.png,7.032499453,6.200791731
50320.png,7.168352294,8.501832943
50321.png,-29.81905216,26.25476864
50322.png,9.478774652,8.126895858
50323.png,13.95229718,-13.35150659
50324.png,3.092007079,35.66621029
50325.png,-24.47377119,25.89424341
50326.png,15.38573692,-13.69162077
50327.png,-25.40917143,31.76703664
50328.png,14.12955226,-16.36369778
50329.png,7.44917431,7.982517972
50330.png,12.8336559,-11.75497629
50331.png,-0.710002714,34.10889493
50332.png,-28.4316436,30.5625485
50333.png,-19.69585204,22.01826715
50334.png,-33.02947027,24.33273843
50335.png,-31.51262856,21.0567521
50336.png,-0.712591934,34.57022742
50337.png,9.404884241,8.361430808
50338.png,-23.55660156,23.06338154
50339.png,-29.48778531,18.37811951
50340.png,-1.003446303,37.9485701
50341.png,11.64696831,7.899901746
50342.png,7.991245765,10.99613878
50343.png,1.387861666,39.87666297
50344.png,0.203973278,35.44225761
50345.png,8.078967328,6.79547063
50346.png,7.845647815,10.9472619
50347.png,14.25167321,-5.982243908
50348.png,-0.194379246,34.34397296
50349.png,3.29327499,38.37365811
50350.png,-24.82364855,29.17144341
50351.png,12.41847914,8.169059852
50352.png,35.69284769,10.38182883
50353.png,10.19056608,5.930232765
50354.png,-30.98089989,30.00664646
50355.png,-0.172883196,35.23043487
50356.png,-28.8963251,23.10626703
50357.png,3.317774028,35.76358827
50358.png,6.579095587,-1.663939871
50359.png,11.75747055,12.22736854
50360.png,-28.12464664,16.89144069
50361.png,15.48241275,-12.96981592
50362.png,8.659780837,10.79642626
50363.png,-22.70821861,27.05669351
50364.png,-1.849983444,38.21265776
50365.png,-23.14354095,21.03914792
50366.png,12.68635546,-14.93854548
50367.png,-32.89453101,27.65949877
50368.png,-30.46652274,20.49428319
50369.png,13.30553731,-11.64664553
50370.png,9.105612071,11.49134566
50371.png,-1.276854893,36.61164499
50372.png,-23.99779445,24.02704074
50373.png,30.77038512,35.75322155
50374.png,3.995487158,33.76456818
50375.png,-23.23479305,20.26241954
50376.png,13.39092368,-11.6412023
50377.png,-22.61505178,27.33641199
50378.png,-23.69254978,21.53525805
50379.png,8.78453281,3.6359596
50380.png,11.73698681,12.18757807
50381.png,-3.166796293,39.64802463
50382.png,-23.56680403,28.76511321
50383.png,5.637286671,-0.620550528
50384.png,-1.833445063,37.535177
50385.png,9.208476354,5.724843561
50386.png,37.01529186,28.52393711
50387.png,-30.91230489,23.27472925
50388.png,6.447015249,6.342963521
50389.png,3.123574991,39.25203761
50390.png,-21.37972002,27.39028182
50391.png,12.60193184,5.877996118
50392.png,9.3167998,12.49451867
50393.png,14.42789676,-3.325962046
50394.png,0.439724353,35.4726728
50395.png,15.39707578,-15.21663406
50396.png,13.31068287,-11.64525987
50397.png,16.32413505,-16.04574897
50398.png,5.048427231,-2.47783173
50399.png,-23.95517306,23.89358554
50400.png,-27.29658851,27.71699925
50401.png,36.3465892,30.43975071
50402.png,-22.83033477,31.23382243
50403.png,16.28962186,-0.044627024
50404.png,7.31024366,7.294199481
50405.png,12.38462461,6.218743677
50406.png,0.182384498,40.49558558
50407.png,11.5656468,7.43343296
50408.png,9.048748844,5.976923889
50409.png,7.236635337,-2.183000062
50410.png,37.01902007,33.27847195
50411.png,-30.85458299,21.85339263
50412.png,-30.90400388,21.90385069
50413.png,7.745680582,8.759946966
50414.png,-33.84270568,19.95279891
50415.png,-29.3664648,23.76748966
50416.png,12.44863795,-16.46027211
50417.png,11.93977547,9.28077164
50418.png,7.858771632,10.97197004
50419.png,13.90499017,-4.555241839
50420.png,-22.12167332,21.5619789
50421.png,7.382881426,3.673380264
50422.png,12.30257018,9.448921966
50423.png,-32.43976644,22.41460109
50424.png,13.79918486,-13.28469288
50425.png,3.26595791,38.36178753
50426.png,7.4075717,8.580467501
50427.png,5.249607901,6.874289495
50428.png,-20.38273568,22.32965084
50429.png,8.018764378,4.957427154
50430.png,1.996128263,35.9385896
50431.png,14.25164248,-5.982373321
50432.png,10.6683564,8.029149784
50433.png,15.39265978,-15.1021465
50434.png,-24.07246888,21.48858216
50435.png,5.136129482,-2.09463755
50436.png,15.59107481,-13.12550246
50437.png,-22.86023001,29.60735381
50438.png,9.420226917,-0.333779319
50439.png,-33.76839699,20.93858531
50440.png,-32.63842768,24.20411107
50441.png,-21.82104699,28.82309995
50442.png,-21.05476796,21.73442416
50443.png,-22.39705164,30.71690679
50444.png,-23.55660156,23.06338154
50445.png,-20.12230843,22.33630233
50446.png,-24.06944667,23.19212289
50447.png,37.3105239,43.46073263
50448.png,0.391470773,40.92794968
50449.png,-23.57438854,43.76809621
50450.png,8.87086312,11.3901674
50451.png,9.302238959,-0.678339707
50452.png,31.83890899,35.55169104
50453.png,-32.70111797,20.47204289
50454.png,-30.94467263,19.42641841
50455.png,6.332859432,5.645276184
50456.png,14.59530893,-12.82178253
50457.png,11.03545219,4.764886091
50458.png,36.86342457,38.54725666
50459.png,6.208284423,-1.69416905
50460.png,12.82871239,-11.87739562
50461.png,12.36111966,8.748322789
50462.png,-28.66452693,27.06690007
50463.png,6.810319724,3.602933957
50464.png,-0.004748602,40.38969889
50465.png,11.72856118,10.16423722
50466.png,7.912375632,4.915628611
50467.png,6.993243566,7.571845247
50468.png,8.611971955,-0.521958805
50469.png,-20.63724525,26.63545325
50470.png,36.49639076,32.10942239
50471.png,36.94523956,39.9988264
50472.png,3.086623628,36.0917332
50473.png,11.79964955,7.633246834
50474.png,-20.56000506,22.53274377
50475.png,5.075185151,7.309900962
50476.png,-24.04582332,23.36381508
50477.png,-1.894822553,36.91263393
50478.png,-31.20993064,24.66843157
50479.png,-31.04832183,28.39575361
50480.png,3.181700178,39.23396451
50481.png,-19.98010804,22.25498103
50482.png,9.725691733,-0.818733925
50483.png,-22.83441465,26.39070925
50484.png,-25.48285267,22.84371609
50485.png,9.780760764,7.446881641
50486.png,-23.04976643,26.47374195
50487.png,-19.046307,25.70586708
50488.png,-19.97818774,22.25379129
50489.png,-28.09893985,20.06752407
50490.png,-22.5011537,28.64780682
50491.png,37.10018109,37.66823634
50492.png,4.926322835,7.238588029
50493.png,-20.61337055,22.41402256
50494.png,10.45178762,11.2372929
50495.png,-22.20908395,20.26517478
50496.png,-0.221720877,35.38224135
50497.png,8.760182828,5.260607946
50498.png,9.547733721,-2.408754682
50499.png,16.28962186,-0.044627024
50500.png,9.128627776,5.547321374
50501.png,1.988404415,35.93582744
50502.png,-19.54937244,23.79103654
50503.png,9.08484507,-1.819263979
50504.png,16.77606373,-3.005446141
50505.png,5.728092007,6.870488438
50506.png,8.560729508,11.20449308
50507.png,-26.39975695,22.18979313
50508.png,9.333234547,5.232875887
50509.png,37.02522526,30.46029934
50510.png,-29.85842306,20.73662895
50511.png,36.85761912,28.77723802
50512.png,8.147938006,4.172621438
50513.png,-0.015690517,40.26024546
50514.png,-0.615048255,39.78486826
50515.png,-19.79782574,23.63938662
50516.png,12.30543109,8.712793231
50517.png,-21.71034528,25.88215589
50518.png,-2.547462802,36.78606865
50519.png,10.09837617,12.67567155
50520.png,0.691273938,39.04458934
50521.png,-21.49112494,21.69435975
50522.png,4.75693841,8.246365042
50523.png,-31.62747249,24.06080511
50524.png,-1.773481158,37.63856774
50525.png,-33.77841892,24.82038728
50526.png,-0.787207287,38.65551542
50527.png,10.1117185,11.10817732
50528.png,14.42789676,-3.325962046
50529.png,6.312712685,7.321956066
50530.png,9.036132793,6.003420396
50531.png,15.28444065,-12.86573944
50532.png,1.202702133,37.62148872
50533.png,5.525301777,5.712716793
50534.png,7.588604145,5.300566795
50535.png,-25.24734428,26.06804554
50536.png,7.492599199,7.171432852
50537.png,-28.98734525,28.13370506
50538.png,4.929094301,8.479859585
50539.png,9.165303965,4.820310965
50540.png,-29.12091066,26.83002732
50541.png,14.10536408,-15.41811239
50542.png,-20.24774453,26.28601908
50543.png,13.39092368,-11.6412023
50544.png,-3.026117899,38.65241926
50545.png,-2.557704512,37.89076916
50546.png,-22.86616952,30.13940742
50547.png,-4.628582071,29.63264717
50548.png,36.84395119,-4.236711167
50549.png,-25.83044301,30.50658082
50550.png,-0.770414354,34.09926555
50551.png,8.687721796,11.25754501
50552.png,16.28916612,-0.045052241
50553.png,1.396423856,37.72296346
50554.png,16.77124725,-3.009896937
50555.png,0.647378114,34.57504526
50556.png,12.46900287,-11.90845441
50557.png,-21.2825548,24.99374307
50558.png,9.739804935,-2.783241168
50559.png,9.02687689,7.32829673
50560.png,-27.42934249,29.38544082
50561.png,-28.74397053,27.48302019
50562.png,10.69141147,8.397778227
50563.png,11.70847524,11.75372554
50564.png,1.634351776,37.82089292
50565.png,9.143402418,-0.571053636
50566.png,7.584676449,8.210361136
50567.png,-29.61467946,20.93785294
50568.png,37.30746786,36.79314861
50569.png,-29.45424844,25.80418878
50570.png,11.4427617,4.509480256
50571.png,10.79423232,10.3192406
50572.png,16.77595598,-3.005450905
50573.png,8.86467776,7.321610955
50574.png,37.32444494,27.60445279
50575.png,6.120127362,-1.761913742
50576.png,12.94652764,-12.44354922
50577.png,15.6805968,-13.24957142
50578.png,-32.68606377,26.31009545
50579.png,6.30360396,8.64656434
50580.png,-1.139661902,39.79815198
50581.png,-34.04913352,19.15478827
50582.png,-19.98130358,23.43661492
50583.png,-32.9125,18.1011112
50584.png,-21.31822064,25.66715122
50585.png,36.86101564,38.65497831
50586.png,9.724071125,11.75759959
50587.png,7.490740663,7.177127369
50588.png,6.688884624,6.684919636
50589.png,-20.63393527,22.32271408
50590.png,13.05034314,-12.68430496
50591.png,7.876942188,9.777852205
50592.png,15.39694788,-15.21712998
50593.png,6.076292668,8.012930604
50594.png,1.395701832,35.34167145
50595.png,16.3994077,-14.32875285
50596.png,6.286139716,6.063089961
50597.png,7.477602816,7.949538551
50598.png,-21.4276108,22.08984007
50599.png,5.442676635,-0.949010262
50600.png,16.38390587,-14.06307515
50601.png,9.635652639,-2.460864895
50602.png,12.92821298,-13.64637727
50603.png,-23.01841088,26.52078596
50604.png,7.449761781,0.444379558
50605.png,-32.85227957,26.10547053
50606.png,9.820393188,6.160166888
50607.png,16.28916612,-0.045052241
50608.png,37.12828934,-6.760234849
50609.png,12.57265092,5.970854196
50610.png,16.2893809,-0.045093347
50611.png,-24.23320402,23.2527283
50612.png,9.187019555,12.45538182
50613.png,0.354247506,34.48900902
50614.png,11.73182777,9.768469547
50615.png,8.835653329,3.781680969
50616.png,6.261325517,7.162999243
50617.png,11.38717057,10.74751487
50618.png,-3.158401443,39.07115098
50619.png,2.260158542,37.89120441
50620.png,8.774328285,6.985805134
50621.png,-22.66161215,27.08111433
50622.png,15.2172655,-14.46571521
50623.png,-25.95759191,26.75381091
50624.png,2.187907952,35.53378338
50625.png,36.79991756,-3.247424771
50626.png,11.50660503,10.08778442
50627.png,-25.29870465,31.0287738
50628.png,0.23317974,40.33191451
50629.png,-18.58928473,43.93262192
50630.png,13.09806427,-14.21219136
50631.png,-27.18052993,23.3909819
50632.png,-32.96161949,26.14550138
50633.png,11.52955733,10.98048923
50634.png,14.42882882,-3.325175935
50635.png,15.6805968,-13.24957142
50636.png,16.08581456,-13.93469493
50637.png,-29.31309162,25.06742436
50638.png,10.85232202,8.199603309
50639.png,16.77617983,-3.005574872
50640.png,36.62245121,33.8723143
50641.png,6.626653397,-1.65033945
50642.png,-24.00436383,24.14502702
50643.png,12.92815878,-13.64648636
50644.png,-28.13927457,16.89960442
50645.png,12.08820685,8.221203062
50646.png,3.422976838,35.31414145
50647.png,5.315673643,8.403714473
50648.png,-28.35759167,29.56462044
50649.png,1.641184771,37.82392071
50650.png,-19.61688188,23.80075776
50651.png,-0.735683474,38.97508419
50652.png,-28.9707053,28.84480135
50653.png,12.69269621,-15.3093632
50654.png,30.79799215,35.59212342
50655.png,14.91387696,-12.45696439
50656.png,3.975051316,35.47902839
50657.png,36.93601943,36.21847975
50658.png,12.73214556,-11.96098001
50659.png,10.66286683,10.20544989
50660.png,11.57326471,4.47873424
50661.png,13.03964012,-15.69676542
50662.png,5.525301777,5.712716793
50663.png,16.4987066,-14.50374954
50664.png,8.783088087,5.174242962
50665.png,36.90230118,35.01855447
50666.png,-31.55715694,27.62599751
50667.png,0.527054858,38.51540278
50668.png,37.2228119,39.60112441
50669.png,5.611693644,-1.549560597
50670.png,-30.59735913,20.42659148
50671.png,14.81071823,-15.5165111
50672.png,-19.70155673,22.02260971
50673.png,8.071495324,5.302587278
50674.png,9.704724489,-2.78582194
50675.png,-21.81497816,43.29511834
50676.png,-24.08454981,26.2829382
50677.png,-26.08926595,31.54863825
50678.png,37.22760185,42.42343836
50679.png,-26.88700843,24.62465263
50680.png,-18.58971499,43.93251995
50681.png,37.18067158,35.69303514
50682.png,12.91271925,-13.71455296
50683.png,-24.56262391,25.7541984
50684.png,-0.168783983,38.40513999
50685.png,-33.03425415,27.2532791
50686.png,-3.923282878,39.52991483
50687.png,-27.08975879,23.92029842
50688.png,14.91387696,-12.45696439
50689.png,-1.036640803,34.10814723
50690.png,-28.3114342,21.93239692
50691.png,-26.41716143,31.6400636
50692.png,-24.14831531,21.81313691
50693.png,16.2896567,-0.044872621
50694.png,7.232392475,3.527997913
50695.png,0.49964105,35.15312674
50696.png,-34.12193206,19.83865242
50697.png,15.78679606,-16.24918559
50698.png,-30.63987066,25.03666781
50699.png,-0.058830852,36.52774398
50700.png,-30.69489386,24.03807528
50701.png,12.44535764,4.71812682
50702.png,-21.36912149,22.14277719
50703.png,0.485752007,39.30956312
50704.png,16.52428933,-15.25983657
50705.png,35.23584316,24.98280882
50706.png,12.91133005,-14.12184066
50707.png,-23.20840007,28.33195035
50708.png,16.38390587,-14.06307515
50709.png,-1.224649751,35.26286685
50710.png,-22.10788115,21.20598299
50711.png,-25.81685438,29.91586893
50712.png,0.352599588,40.87256675
50713.png,8.025435747,5.960664304
50714.png,7.27812907,10.1333657
50715.png,10.32572153,9.731851042
50716.png,-25.2982496,23.00246353
50717.png,7.206272146,9.984805426
50718.png,8.57141077,11.21812562
50719.png,16.33399979,-14.01596025
50720.png,-30.68594806,20.40871473
50721.png,8.788648842,10.96346058
50722.png,-3.165797563,39.6116355
50723.png,4.34955828,35.55471527
50724.png,11.67865273,11.34606949
50725.png,-26.1427208,26.48116337
50726.png,12.33536135,9.817102474
50727.png,14.61730632,-12.88210373
50728.png,16.77167764,-3.010441256
50729.png,10.31239543,10.54286721
50730.png,8.021726305,6.759232273
50731.png,-21.19804007,24.79895122
50732.png,-18.59120711,43.93163472
50733.png,5.76203698,-2.107720519
50734.png,-3.212212153,38.97730288
50735.png,12.19994903,9.103097489
50736.png,14.99376154,-12.61407606
50737.png,37.19691454,34.84081294
50738.png,8.026559322,8.553256929
50739.png,-31.48594208,23.73484738
50740.png,-27.82847199,30.70314343
50741.png,15.00811678,-12.65522214
50742.png,-22.40166303,30.58151494
50743.png,15.99527273,-13.66354711
50744.png,16.49346947,-14.4423723
50745.png,-26.05038817,31.27267102
50746.png,14.81071823,-15.5165111
50747.png,16.28957233,-0.045061033
50748.png,-26.21913554,31.18507989
50749.png,8.685117506,-0.519843948
50750.png,1.625638541,40.00557471
50751.png,6.505374381,0.718520391
50752.png,6.768579114,5.766794786
50753.png,-21.28282164,24.9947011
50754.png,10.89611054,11.41021295
50755.png,-30.8805608,20.43974922
50756.png,16.50282131,-14.59944226
50757.png,16.38390587,-14.06307515
50758.png,8.749394077,10.9274405
50759.png,16.77205925,-3.006939635
50760.png,11.11433034,11.37540317
50761.png,-23.85752403,23.67049752
50762.png,9.906342593,12.60981478
50763.png,-33.40494083,19.90278
50764.png,-27.27584585,27.65166033
50765.png,12.5462839,-16.30005854
50766.png,13.1629655,-12.93087803
50767.png,-31.43371095,22.5738143
50768.png,10.61600427,7.228736167
50769.png,0.244170113,37.96512961
50770.png,-19.69548322,22.01800125
50771.png,0.859992426,39.24900286
50772.png,12.64626002,8.407767176
50773.png,9.325407353,5.241849246
50774.png,-23.54166413,28.71507758
50775.png,-24.92113194,26.18697796
50776.png,-23.63611,26.53611439
50777.png,0.554936571,39.26898028
50778.png,-33.09552316,26.23970512
50779.png,-24.48017298,25.23757377
50780.png,37.10646539,41.09000137
50781.png,6.020349315,0.003135363
50782.png,-27.9093028,27.82272842
50783.png,11.27014424,10.58303051
50784.png,35.17020737,25.10505931
50785.png,6.870420241,6.671933973
50786.png,-29.14666089,23.70592253
50787.png,-25.36048688,22.95671111
50788.png,-3.179437127,39.88270088
50789.png,14.19107636,-12.70920542
50790.png,5.123372311,-1.605063936
50791.png,1.01051826,39.47681323
50792.png,10.3666903,10.69496201
50793.png,-29.98840651,27.01210505
50794.png,9.242209861,4.909685238
50795.png,-1.13334431,36.76983732
50796.png,12.40591894,9.551389083
50797.png,13.39092368,-11.6412023
50798.png,13.0359533,5.185722572
50799.png,7.350770979,7.931925269
50800.png,-25.92598928,22.4640913
50801.png,15.6805968,-13.24957142
50802.png,13.91055577,-14.23200264
50803.png,5.837222009,5.748001537
50804.png,-20.77579388,22.47570688
50805.png,0.104469594,39.19138591
50806.png,-26.12127068,28.27867471
50807.png,9.236253224,4.897037576
50808.png,-24.25329986,26.14760817
50809.png,0.104469594,39.19138591
50810.png,5.052337975,-2.693734714
50811.png,-30.96850834,27.4907593
50812.png,-31.35378131,26.85288567
50813.png,-23.52859526,30.4454937
50814.png,1.732646234,40.62545106
50815.png,-31.58835866,21.13170684
50816.png,-22.71405092,20.221565
50817.png,9.04116496,-0.532820691
50818.png,-24.97033968,30.09090099
50819.png,10.17166777,12.8745762
50820.png,-29.43929891,22.17308239
50821.png,-23.11716864,26.76152215
50822.png,-28.61409954,20.21627625
50823.png,5.270800809,6.906751094
50824.png,3.521417356,39.05679661
50825.png,-19.08539408,25.72640281
50826.png,7.121716922,9.255692812
50827.png,3.086112041,36.0919202
50828.png,-31.07404677,19.29145334
50829.png,-3.254524298,38.93455569
50830.png,1.310485191,37.68584168
50831.png,6.604279292,-2.048207583
50832.png,-21.49596921,21.69462458
50833.png,8.396756646,10.51994712
50834.png,7.075620813,8.487610176
50835.png,15.2172655,-14.46571521
50836.png,7.856838903,3.682588116
50837.png,-1.854506597,36.88862976
50838.png,5.750591894,6.82369743
50839.png,11.66338673,11.49450237
50840.png,11.59621696,7.852975326
50841.png,14.42789676,-3.325962046
50842.png,6.332859432,5.645276184
50843.png,9.201245242,5.735163273
50844.png,5.494249632,-0.763249139
50845.png,-1.221229584,34.75576788
50846.png,-25.87937818,23.98168306
50847.png,9.201235638,-2.130044235
50848.png,-3.453887501,39.89216982
50849.png,10.20085495,7.917770305
50850.png,-20.93204565,22.55110211
50851.png,10.65712059,-2.898150698
50852.png,16.52051521,-15.32747541
50853.png,-22.09450377,46.77065605
50854.png,13.18907227,-13.05407328
50855.png,-28.17988537,24.44013251
50856.png,-24.20015047,26.19498808
50857.png,-0.024620317,40.1480329
50858.png,8.746940511,-0.51089552
50859.png,16.77616898,-3.005472455
50860.png,10.16378753,-0.803496475
50861.png,-26.39522754,22.19205817
50862.png,9.558501011,-0.948136437
50863.png,-22.98053933,20.18095571
50864.png,4.295082324,34.30676129
50865.png,-24.60892958,30.29765233
50866.png,7.49250772,4.427482825
50867.png,-24.60054675,24.54511223
50868.png,0.237875381,35.89455057
50869.png,-31.81209439,21.42637468
50870.png,7.9999839,6.50364663
50871.png,-32.91941608,19.29647347
50872.png,1.105147154,36.69161314
50873.png,0.823898942,37.09917862
50874.png,-0.218407286,37.59583563
50875.png,10.68896658,9.756714284
50876.png,-4.644796474,29.62756324
50877.png,-21.60853678,27.36991942
50878.png,9.704391138,-2.785600864
50879.png,6.684613119,8.425982081
50880.png,9.122726254,-1.27301811
50881.png,12.35618848,8.764190082
50882.png,10.17936082,7.352331123
50883.png,-1.189372354,39.82989901
50884.png,9.907040511,12.6100031
50885.png,-22.93989664,29.24682207
50886.png,7.353818707,8.926392418
50887.png,-26.98598775,22.22871363
50888.png,-19.62785682,23.79203427
50889.png,35.51313301,23.9509262
50890.png,-32.06477963,19.12702394
50891.png,13.39092368,-11.6412023
50892.png,-29.06721453,19.54963612
50893.png,-19.55787547,25.97450672
50894.png,11.72648287,10.16525524
50895.png,-3.373628022,37.684399
50896.png,-3.765816279,39.22572683
50897.png,-3.168099774,39.57241169
50898.png,-23.99707441,24.08434168
50899.png,-23.95385299,25.65496818
50900.png,10.56145773,8.145353223
50901.png,37.34111261,-3.734363462
50902.png,-22.29021396,26.77896886
50903.png,15.29137738,-13.96198845
50904.png,12.2082635,9.823502921
50905.png,37.15921638,33.51604724
50906.png,13.09167696,-12.75698876
50907.png,7.323448013,10.25308294
50908.png,-29.96757744,22.37895231
50909.png,9.122895575,-1.620467022
50910.png,37.08422337,36.28170818
50911.png,8.726293835,11.26573937
50912.png,-31.22992092,21.46426048
50913.png,12.79745548,-12.29313146
50914.png,8.388737466,10.50873009
50915.png,-0.778468089,37.18738894
50916.png,-27.7245833,24.7817322
50917.png,6.453081434,8.132101303
50918.png,9.079002959,4.821172372
50919.png,11.71973027,11.02517252
50920.png,9.18631357,12.52828835
50921.png,-21.14475595,22.33683404
50922.png,6.543448234,7.414343893
50923.png,0.113712979,37.33945361
50924.png,9.200049004,5.737044239
50925.png,14.91387696,-12.45696439
50926.png,7.164923009,8.12060462
50927.png,0.437299917,37.79058144
50928.png,7.915181773,6.247167662
50929.png,-29.3404996,18.72854845
50930.png,7.519664916,-2.173897413
50931.png,5.955964598,8.800571279
50932.png,12.94444508,-16.45673322
50933.png,10.14264222,9.294837683
50934.png,-30.03902406,20.63865342
50935.png,8.792747463,3.657433356
50936.png,-26.42020015,30.76030016
50937.png,-18.58406557,25.63040577
50938.png,9.594038361,6.020154839
50939.png,-0.054796195,29.94411142
50940.png,-24.1422386,28.04653471
50941.png,9.665882608,6.719892393
50942.png,9.393368039,6.848523802
50943.png,-31.9352067,26.38730332
50944.png,-29.29021684,28.97413684
50945.png,7.906560364,10.66069511
50946.png,36.80625241,14.49175362
50947.png,12.82871239,-11.87739562
50948.png,7.88148807,0.530607384
50949.png,-3.551040727,38.78553117
50950.png,-0.665871844,39.13718309
50951.png,9.237162605,-2.45300298
50952.png,-3.192288792,38.53136384
50953.png,10.21730307,-0.829279654
50954.png,0.050302112,39.32959389
50955.png,-20.85775286,27.6283958
50956.png,-21.59758763,25.73771608
50957.png,-30.4257799,26.11373465
50958.png,-29.13420485,31.47224058
50959.png,7.511233761,10.36471123
50960.png,15.06259459,-16.01768751
50961.png,-29.12585581,19.18744625
50962.png,3.338398592,39.2068509
50963.png,12.64108808,5.732679835
50964.png,11.88946313,4.394470891
50965.png,-24.65421606,25.66336023
50966.png,-28.88996962,27.96988276
50967.png,10.33996364,11.209888
50968.png,-24.44118231,23.74603049
50969.png,7.9999839,6.50364663
50970.png,6.058690543,0.952719144
50971.png,-23.88511735,22.13254401
50972.png,11.75747055,12.22736854
50973.png,-24.709015,26.83277206
50974.png,0.42743342,39.33662255
50975.png,-23.23507002,20.26254126
50976.png,16.37586977,-14.05250926
50977.png,7.447234768,7.539064175
50978.png,-24.90474855,26.27146894
50979.png,7.078372912,-1.408581272
50980.png,7.226879008,3.504800018
50981.png,5.925337118,-0.987646145
50982.png,9.090419066,-1.823702038
50983.png,11.7369529,12.18750957
50984.png,13.39239745,-14.80890278
50985.png,6.809179414,3.740299421
50986.png,-28.004583,21.4413104
50987.png,14.25167321,-5.982243908
50988.png,-28.16123762,27.30945333
50989.png,14.47878404,-17.03041112
50990.png,7.346912444,5.890205357
50991.png,-22.85268162,26.96690669
50992.png,1.994615775,35.93836373
50993.png,-1.189372354,39.82989901
50994.png,0.273202191,37.24125271
50995.png,-22.40205363,30.58006485
50996.png,-19.57542919,23.81160775
50997.png,10.0888502,12.67404838
50998.png,7.645540971,-2.109405454
50999.png,16.38390587,-14.06307515
51000.png,-21.32905002,25.95174417
51001.png,36.85214589,33.30643965
51002.png,10.22777062,9.428339815
51003.png,12.97447339,-16.71612911
51004.png,9.872971363,8.010387977
51005.png,-33.64142531,19.03829355
51006.png,-1.122858868,38.21221297
51007.png,36.7915246,31.49641459
51008.png,-25.62059555,30.50647108
51009.png,3.094247671,36.07784939
51010.png,7.845404999,4.731488255
51011.png,-3.134241284,39.46353425
51012.png,2.364340761,39.64606309
51013.png,-25.91007216,31.11041588
51014.png,13.38394389,-15.52956943
51015.png,-23.9843244,25.6540442
51016.png,-18.78786269,21.71191892
51017.png,9.870973839,11.23040599
51018.png,13.14476643,-14.97096432
51019.png,10.15069506,12.73698076
51020.png,10.08739119,9.177683727
51021.png,1.732646234,40.62545106
51022.png,1.215827407,34.73411179
51023.png,-33.52153021,21.3514451
51024.png,16.28962186,-0.044627024
51025.png,9.1988032,12.52621158
51026.png,-0.784046654,37.22541499
51027.png,14.42953447,-3.324884112
51028.png,6.613997124,8.040179447
51029.png,-24.59453529,26.07272049
51030.png,8.198086037,0.539594519
51031.png,16.49943818,-15.04445464
51032.png,-30.08323427,20.61536692
51033.png,-33.25690697,20.20939518
51034.png,-25.47956451,25.32739735
51035.png,6.809179414,3.740299421
51036.png,10.17126005,7.905958515
51037.png,14.91387696,-12.45696439
51038.png,9.532268976,8.626458409
51039.png,-3.046345284,38.73175204
51040.png,-0.752722063,34.0965134
51041.png,12.47121673,-12.07626642
51042.png,8.284122201,10.39072582
51043.png,11.74710751,10.15367525
51044.png,4.342571229,35.60256208
51045.png,14.41702841,-12.20672942
51046.png,36.8621159,37.48407397
51047.png,14.33160882,-15.53023153
51048.png,-20.15988301,25.85799492
51049.png,-26.56172101,28.27292491
51050.png,36.93410898,31.17345763
51051.png,6.948175425,5.914406249
51052.png,-24.38082462,23.58733997
51053.png,-29.96945365,17.9037669
51054.png,-27.65556723,20.7994366
51055.png,9.994937227,8.844653091
51056.png,14.42955385,-3.324885623
51057.png,10.21869316,12.91435076
51058.png,16.2896567,-0.044872621
51059.png,-28.14057148,27.55475532
51060.png,27.91725355,-15.63551837
51061.png,5.498899492,5.821218392
51062.png,-3.259497474,38.62698853
51063.png,3.751180581,34.72934706
51064.png,12.91405022,-16.43345805
51065.png,14.25144936,-5.982472876
51066.png,-21.22568962,27.38584289
51067.png,13.10278126,-11.70140428
51068.png,11.52977637,8.653117354
51069.png,6.727740376,6.662325403
51070.png,6.022737801,0.051240201
51071.png,-23.88462119,22.13373518
51072.png,8.956121696,-2.428534782
51073.png,9.502776593,6.042297098
51074.png,-29.32109377,27.51213766
51075.png,0.648926338,35.38789762
51076.png,15.78875315,-13.4365706
51077.png,-33.40694621,22.01133644
51078.png,-19.97818774,22.25379129
51079.png,30.31581442,35.24271185
51080.png,14.25167321,-5.982243908
51081.png,-0.004748602,40.38969889
51082.png,9.576924668,8.366616478
51083.png,8.105272599,0.54800976
51084.png,-23.09808029,26.10142836
51085.png,-19.82484983,26.12211525
51086.png,-24.96697876,27.23539689
51087.png,-23.2655165,20.28592441
51088.png,12.19994903,9.103097489
51089.png,-23.91219989,23.78418644
51090.png,7.483133931,9.584025119
51091.png,12.91292321,-13.71564996
51092.png,8.138075911,7.8508077
51093.png,8.429800046,0.379029398
51094.png,0.74134196,39.6185492
51095.png,10.56545645,7.567226995
51096.png,14.07309207,-15.30934686
51097.png,-22.18486325,28.39554608
51098.png,11.12938792,4.681485689
51099.png,16.77205925,-3.006939635
51100.png,-31.37293016,26.30898991
51101.png,-25.0625748,25.94355839
51102.png,1.732646234,40.62545106
51103.png,8.685117506,-0.519843948
51104.png,36.85242926,-4.813856416
51105.png,16.52068361,-15.3246269
51106.png,14.03329394,-13.66038216
51107.png,-30.48086511,30.15608687
51108.png,6.486612241,8.736464032
51109.png,12.82632591,-15.20594328
51110.png,-24.40663563,25.59349428
51111.png,12.60236513,8.351628529
51112.png,-30.42493884,25.63786693
51113.png,6.892515103,2.997831002
51114.png,10.3928151,-2.072484473
51115.png,1.889574056,39.82549891
51116.png,14.95151615,-12.58129845
51117.png,11.74710751,10.15367525
51118.png,-13.81159077,48.48818713
51119.png,36.58765342,35.38412637
51120.png,12.90507996,-11.7601809
51121.png,11.46574421,10.34101313
51122.png,11.72856118,10.16423722
51123.png,-18.83464066,25.60157179
51124.png,7.943842145,9.782129918
51125.png,7.896565445,10.64968604
51126.png,-28.62697411,25.60972342
51127.png,-24.55485607,24.72819245
51128.png,-23.16590468,27.52749131
51129.png,-23.07737867,21.94029164
51130.png,-22.13596305,20.99160424
51131.png,-28.85047912,16.67603011
51132.png,11.55152095,8.305452059
51133.png,29.86394729,35.0357229
51134.png,-32.1101339,21.58431218
51135.png,-21.29111012,25.08660846
51136.png,37.08969373,35.69349419
51137.png,11.38220666,10.73485453
51138.png,36.30343827,-6.069620194
51139.png,-29.42218543,27.87901883
51140.png,8.908905374,0.00338554
51141.png,-21.95448813,27.50837532
51142.png,3.627947745,35.02143301
51143.png,13.08641118,-12.7266652
51144.png,14.08914806,-13.67178999
51145.png,-28.18040424,20.30645912
51146.png,7.285946037,10.16805291
51147.png,-31.02023521,23.16118647
51148.png,-20.1313632,25.59902822
51149.png,11.70605717,4.487258407
51150.png,10.2590201,10.22918046
51151.png,-30.65872506,21.50841862
51152.png,-1.021109821,35.67815293
51153.png,-0.215913977,37.86928259
51154.png,37.25092455,28.25148342
51155.png,9.491815183,7.389370442
51156.png,11.67865273,11.34606949
51157.png,0.391470773,40.92794968
51158.png,13.79918486,-13.28469288
51159.png,14.42953447,-3.324884112
51160.png,14.42789676,-3.325962046
51161.png,5.955964598,8.800571279
51162.png,12.64626002,8.407767176
51163.png,12.30257018,9.448921966
51164.png,14.08914806,-13.67178999
51165.png,-26.39975695,22.18979313
51166.png,-21.06172011,21.72804268
51167.png,-19.20798783,25.79027922
51168.png,11.59621696,7.852975326
51169.png,14.25167321,-5.982243908
51170.png,6.613997124,8.040179447
51171.png,4.342571229,35.60256208
51172.png,16.28962186,-0.044627024
51173.png,-18.78786269,21.71191892
51174.png,16.77595598,-3.005450905
51175.png,9.739804935,-2.783241168
51176.png,3.087230855,36.09143539
51177.png,16.28962186,-0.044627024
51178.png,16.77616898,-3.005472455
51179.png,37.2129632,39.53681473
51180.png,16.28962282,-0.04502649
51181.png,8.078967328,6.79547063
51182.png,12.33536135,9.817102474
51183.png,16.2896567,-0.044872621
51184.png,-21.05476796,21.73442416
51185.png,16.77617983,-3.005574872
51186.png,11.75747055,12.22736854
51187.png,7.27812907,10.1333657
51188.png,6.892515103,2.997831002
51189.png,-23.09808029,26.10142836
51190.png,12.8336559,-11.75497629
51191.png,9.122726254,-1.27301811
51192.png,3.29327499,38.37365811
51193.png,-4.597594055,39.10693496
51194.png,5.290178982,-2.639594884
51195.png,14.42789676,-3.325962046
51196.png,6.332859432,5.645276184
51197.png,14.81071823,-15.5165111
51198.png,9.704724489,-2.78582194
51199.png,8.147938006,4.172621438
51200.png,8.835653329,3.781680969
51201.png,-23.52982271,20.76288488
51202.png,-23.23479305,20.26241954
51203.png,-26.88483411,31.38081241
51204.png,10.43955234,8.656295585
51205.png,11.68515121,10.21908555
51206.png,9.661477746,8.386566382
51207.png,14.48665698,-4.189636842
51208.png,7.467033539,9.943477006
51209.png,16.77616898,-3.005472455
51210.png,8.181061408,-2.045646055
51211.png,8.826057251,7.569489656
51212.png,16.48595961,-15.55403311
51213.png,14.42953447,-3.324884112
51214.png,8.636856376,8.678330551
51215.png,0.440633583,35.43426888
51216.png,-23.52982271,20.76288488
51217.png,-27.08614668,31.92447481
51218.png,-26.77830526,20.35994753
51219.png,12.35618848,8.764190082
51220.png,12.8336559,-11.75497629
51221.png,-13.81400093,48.48357798
51222.png,2.470305849,38.06638465
51223.png,11.73121384,10.1404361
51224.png,9.631435656,11.84637846
51225.png,16.03969919,-16.36059019
51226.png,-26.88102751,31.63777715
51227.png,13.9768782,-15.04425345
51228.png,9.031561091,7.917168718
51229.png,11.76904775,11.97499486
51230.png,7.985038325,9.78297044
51231.png,16.77595598,-3.005450905
51232.png,13.85696455,-14.03046556
51233.png,37.22532149,39.84033738
51234.png,-25.76082409,22.57213831
51235.png,6.332859432,5.645276184
51236.png,-23.04164665,28.54616229
51237.png,10.45451376,11.25288632
51238.png,7.6753452,4.671590453
51239.png,14.78518059,-16.0863441
51240.png,16.04433538,-13.73100207
51241.png,7.485663639,4.923185301
51242.png,0.694132665,37.62459751
51243.png,8.85786766,0.056383231
51244.png,13.90538008,-4.555812059
51245.png,9.337183996,5.189298033
51246.png,10.11875553,-0.808148303
51247.png,7.425546028,6.729968685
51248.png,15.44417027,-15.79786684
51249.png,-24.02676637,23.04013136
51250.png,9.623752498,11.86630271
51251.png,0.859992426,39.24900286
51252.png,14.63816584,-12.32860148
51253.png,-4.597594055,39.10693496
51254.png,-29.92058524,22.29748117
51255.png,5.925412708,-0.987605297
51256.png,-13.81159077,48.48818713
51257.png,13.80840266,-13.29342977
51258.png,6.772919383,5.769065389
51259.png,12.21689028,9.845658581
51260.png,12.91271925,-13.71455296
51261.png,34.2283187,10.00910461
51262.png,8.238614338,11.05079288
51263.png,-18.78786269,21.71191892
51264.png,-24.61192342,24.79101439
51265.png,-26.61829879,24.1649002
51266.png,-30.68452388,25.25309888
51267.png,-3.032009914,38.99778229
51268.png,-3.37937,38.96079
51269.png,0.054252601,32.46622879
51270.png,-31.27879868,18.56022896
51271.png,-24.19028037,31.84123654
51272.png,12.8336559,-11.75497629
51273.png,-22.82087032,22.03968941
51274.png,10.86906015,9.754959579
51275.png,-31.22132434,21.50845546
51276.png,15.35181255,-13.9098523
51277.png,13.05353795,-11.68421407
51278.png,5.697760964,-0.758613778
51279.png,15.25484195,-14.02133746
51280.png,12.50171892,8.245553306
51281.png,-31.37790984,22.82268063
51282.png,-30.78361096,22.46220098
51283.png,6.00687886,6.747310952
51284.png,-23.88084371,24.90734406
51285.png,11.95451571,6.920553906
51286.png,37.23311617,14.65990996
51287.png,-19.22248251,25.79844453
51288.png,-24.80709087,26.01095641
51289.png,-1.105828704,36.24977705
51290.png,-3.080964093,38.25536766
51291.png,15.21475873,-15.92306483
51292.png,12.8336559,-11.75497629
51293.png,12.90970101,-14.10028342
51294.png,-21.06172011,21.72804268
51295.png,11.11419234,11.37541849
51296.png,-31.49595527,19.5637696
51297.png,36.83394592,36.80738769
51298.png,4.757670928,8.246058543
51299.png,5.552090725,-1.193439732
51300.png,37.20144122,38.10363972
51301.png,-19.70173773,22.0230852
51302.png,7.967439352,5.137721962
51303.png,-19.06488747,25.71564679
51304.png,-23.139707,21.19048552
51305.png,-31.96641019,26.97506926
51306.png,-0.68635121,34.76538705
51307.png,15.37721707,-15.59124127
51308.png,16.28962186,-0.044627024
51309.png,37.02028896,36.67608898
51310.png,-21.2825548,24.99374307
51311.png,0.691358606,39.65305602
51312.png,35.66077567,10.07442786
51313.png,11.01756465,4.768050561
51314.png,11.63299226,7.204796122
51315.png,14.48674571,-4.18969747
51316.png,-21.97514219,27.64498514
51317.png,7.625510678,5.862884986
51318.png,8.057765892,0.550668969
51319.png,15.9209922,-16.25754036
51320.png,10.56145773,8.145353223
51321.png,8.257924779,5.7415242
51322.png,-1.877942636,38.43194697
51323.png,13.1904861,-11.70532964
51324.png,-29.01353602,28.21804599
51325.png,12.91271925,-13.71455296
51326.png,10.77543472,8.216859008
51327.png,11.82346825,4.42401573
51328.png,-0.208565376,38.37417602
51329.png,-21.29312132,27.8136661
51330.png,15.02946466,-16.06017701
51331.png,-4.224481917,39.18039139
51332.png,15.2463761,-14.68776075
51333.png,-2.378387976,37.98584056
51334.png,9.151584891,0.01198776
51335.png,15.94187378,-13.55901662
51336.png,8.712742906,4.16693914
51337.png,13.19005432,-14.15940969
51338.png,37.03557834,35.12782055
51339.png,14.81071823,-15.5165111
51340.png,13.05956572,5.177768916
51341.png,6.43747058,-1.831639443
51342.png,11.70861465,4.485971321
51343.png,8.64291474,-0.523732618
51344.png,16.77606373,-3.005446141
51345.png,-24.24725856,28.12056986
51346.png,9.847856027,7.45915891
51347.png,0.391470773,40.92794968
51348.png,-18.08266585,25.29125344
51349.png,12.57642417,-15.97380477
51350.png,6.982243826,-2.275414869
51351.png,15.22329037,-14.49101606
51352.png,-0.159830107,36.28483522
51353.png,-27.15955376,25.97155499
51354.png,8.770972968,3.609293746
51355.png,-28.40334188,21.56628291
51356.png,-23.42989096,29.88623703
51357.png,15.3164374,-12.86883974
51358.png,13.90535971,-4.555188178
51359.png,8.86471536,7.794214073
51360.png,-21.96622957,27.55517683
51361.png,-21.72184564,25.9092333
51362.png,5.872615299,0.741652692
51363.png,-3.740993317,39.0610577
51364.png,-30.16461382,28.68439294
51365.png,-24.14013072,24.74121175
51366.png,-21.06172011,21.72804268
51367.png,-33.80126447,23.66537717
51368.png,8.729863992,10.89303517
51369.png,3.29327499,38.37365811
51370.png,4.160037774,34.38054858
51371.png,7.166624956,3.254507072
51372.png,36.77998358,31.69195745
51373.png,-0.004748602,40.38969889
51374.png,35.20668961,10.71050181
51375.png,7.781924024,4.625345708
51376.png,7.847455272,10.9524309
51377.png,-30.34339059,25.81115164
51378.png,-20.18318767,24.04663052
51379.png,11.74696911,10.15309087
51380.png,8.938713568,8.420507824
51381.png,-0.865030453,36.13132797
51382.png,-21.14431133,24.57882189
51383.png,-3.81165662,39.61777253
51384.png,-0.209614506,38.33547166
51385.png,9.778087428,7.446143112
51386.png,6.181400976,7.794515591
51387.png,-23.39318138,24.65622349
51388.png,35.64071118,10.57852525
51389.png,-30.57562068,22.97983716
51390.png,9.704430055,-2.785663866
51391.png,-32.57375199,23.33352412
51392.png,-29.01679633,24.71062083
51393.png,12.49011504,6.158546458
51394.png,6.140914869,-1.739990273
51395.png,-30.23815373,27.43420729
51396.png,31.29945464,34.82304125
51397.png,31.32629296,36.57086716
51398.png,-32.342482,18.83688692
51399.png,0.566224358,38.05637041
51400.png,37.3232106,-4.385181774
51401.png,-25.28746299,23.02485985
51402.png,-26.21060961,32.00334869
51403.png,15.43302814,-16.06821144
51404.png,-0.265688988,38.00052283
51405.png,9.580790592,12.56353041
51406.png,-28.35834977,23.5019438
51407.png,7.637576164,8.877254441
51408.png,14.02004576,-13.17596433
51409.png,-28.75588184,29.19423993
51410.png,-29.07233185,28.37819263
51411.png,31.66606876,34.80747197
51412.png,9.565569937,-0.966790827
51413.png,3.492068408,39.05947559
51414.png,-25.82907398,24.66529895
51415.png,16.77172006,-3.010437645
51416.png,3.627947745,35.02143301
51417.png,7.861034624,5.50506246
51418.png,-23.11939042,21.6516113
51419.png,8.606718159,11.23784857
51420.png,-18.92435987,22.27151349
51421.png,12.90813595,-16.39567503
51422.png,13.31625805,-14.62238699
51423.png,31.0469229,35.70974077
51424.png,8.21072678,10.21975428
51425.png,-19.69548322,22.01800125
51426.png,-25.23962273,25.93459675
51427.png,36.95888214,32.46976068
51428.png,-21.77063275,25.96648259
51429.png,-24.08822463,24.53699332
51430.png,5.186291954,8.197661152
51431.png,14.46562789,-16.67164561
51432.png,3.29327499,38.37365811
51433.png,-1.164547773,37.77488831
51434.png,0.161617066,34.3137592
51435.png,5.382128954,7.909163767
51436.png,5.289581988,-2.778418288
51437.png,-0.054638521,34.99875887
51438.png,-22.78205028,22.00797341
51439.png,12.83581048,-15.60250472
51440.png,8.825223026,11.10200184
51441.png,0.484182242,36.32964337
51442.png,-19.69548322,22.01800125
51443.png,10.68383996,8.45541696
51444.png,13.16153448,-14.07081991
51445.png,16.77205925,-3.006939635
51446.png,7.467838962,4.673994375
51447.png,9.105600619,11.49146841
51448.png,8.938713568,8.420507824
51449.png,12.82871239,-11.87739562
51450.png,-31.25235557,21.24575759
51451.png,31.8932785,35.42866057
51452.png,10.38588971,9.827203378
51453.png,4.342571229,35.60256208
51454.png,8.872528612,11.41777784
51455.png,1.511005701,35.46013504
51456.png,6.747810693,4.941531543
51457.png,-24.10490634,21.23196001
51458.png,-18.74734529,22.19476964
51459.png,-31.85057168,26.76930667
51460.png,9.951637581,12.63611772
51461.png,10.95390125,4.771614994
51462.png,10.06716626,6.186716014
51463.png,5.876976202,8.188961823
51464.png,10.4404663,11.21703388
51465.png,7.238525894,9.739585938
51466.png,0.639484585,35.02161286
51467.png,-21.97558271,27.64755598
51468.png,-1.119230535,35.34422915
51469.png,-23.23512551,22.38205458
51470.png,6.332859432,5.645276184
51471.png,-26.22892581,31.58289764
51472.png,6.723567408,6.359746343
51473.png,8.725004177,4.162970021
51474.png,6.955735656,6.726796666
51475.png,-24.10138303,31.67566356
51476.png,12.47412515,4.807948295
51477.png,0.450605366,40.28690019
51478.png,-22.7627577,27.33720198
51479.png,6.613997124,8.040179447
51480.png,1.886979177,39.82759221
51481.png,-26.5658997,31.87679404
51482.png,9.875298604,-0.872271548
51483.png,-0.486142389,37.9533107
51484.png,14.84703827,-16.47277818
51485.png,-0.562963694,39.90061125
51486.png,9.541160601,11.96353188
51487.png,7.012980837,8.437152806
51488.png,36.91885693,30.0596355
51489.png,7.299022848,8.717086415
51490.png,-29.39354656,18.61929565
51491.png,-27.99150286,26.30702847
51492.png,-21.10011835,25.65545944
51493.png,9.361416196,12.54927131
51494.png,-20.8077476,27.03569151
51495.png,-19.78386255,23.64831919
51496.png,6.495300414,4.87047679
51497.png,0.348871378,38.22934863
51498.png,-29.04451208,19.59726182
51499.png,16.36690642,-14.28265554
51500.png,-24.83653753,31.89674026
51501.png,-4.382978387,39.34834828
51502.png,11.70586951,11.05214376
51503.png,8.012558863,0.559179441
51504.png,15.49521957,-15.90740704
51505.png,-23.11979476,27.07803619
51506.png,-2.201179349,37.68244539
51507.png,-0.72955578,36.22573175
51508.png,5.000676341,8.512283732
51509.png,8.905359023,7.479201212
51510.png,16.2896567,-0.044872621
51511.png,0.88195892,30.14035522
51512.png,-0.891092796,34.4288086
51513.png,11.52977637,8.653117354
51514.png,36.53549,3.83618
51515.png,36.55213,4.48846
51516.png,36.61954,4.08282
51517.png,26.53906,49.99033
51518.png,26.54322,50.00721
51519.png,37.02037,15.30133
51520.png,37.31065,13.57661
51521.png,36.94984,15.03918
51522.png,37.13579886,14.31521382
51523.png,37.15724,15.1816
51524.png,37.34264,14.48319
51525.png,36.91614,14.5141
51526.png,36.94819,14.53411
51527.png,36.92574,14.72443
51528.png,37.04313,15.22442
51529.png,37.25275,15.21523
51530.png,37.05385,15.15244
51531.png,37.02177,14.57229
51532.png,36.86221,14.6518
51533.png,37.29756,13.83922
51534.png,-22.12308,16.97189
51535.png,36.12894,36.34497
51536.png,36.30418,36.54638
51537.png,36.25993,36.57831
51538.png,35.95664,36.7138
51539.png,36.13411,36.23376
51540.png,36.42731,36.27729
51541.png,36.12278,36.23797
51542.png,36.25866,36.57398
51543.png,36.06666,36.27417
51544.png,36.13654,36.23244
51545.png,6.71219,-1.62683
51546.png,6.601,-0.97371
51547.png,7.06273,-1.4001
51548.png,6.94016,-2.34863
51549.png,4.88063,-1.75252
51550.png,4.88387,-1.76142
51551.png,6.67941,-1.59323
51552.png,6.68796,-1.65954
51553.png,6.892,-1.50434
51554.png,7.05104,-1.40487
51555.png,6.45868,-2.31068
51556.png,5.78768,-2.08351
51557.png,6.66116,-1.55578
51558.png,5.5863,-1.97755
51559.png,4.96518,-2.47257
51560.png,5.52085,-2.05952
51561.png,31.20176,29.91582
51562.png,31.26968,29.98834
51563.png,11.85717,8.68937
51564.png,7.23503,4.65171
51565.png,7.62391,5.20518
51566.png,6.83724,3.90176
51567.png,6.81856,3.6181
51568.png,7.82715,4.61274
51569.png,6.22718,7.10256
51570.png,6.71132,3.28763
51571.png,6.46102,3.84911
51572.png,6.82537,3.92532
51573.png,7.51078,4.49361
51574.png,6.86973,3.56512
51575.png,7.60137,4.74866
51576.png,6.46792,3.77913
51577.png,6.44667,3.57331
51578.png,6.42283,3.46062
51579.png,7.35615,3.85817
51580.png,6.43094,3.43939
51581.png,7.67057,4.4604
51582.png,7.59328,4.86695
51583.png,6.75622,3.39579
51584.png,7.24868,5.23221
51585.png,6.52339,3.24557
51586.png,7.10349,3.29677
51587.png,6.5396,3.25381
51588.png,6.65428,3.35566
51589.png,11.75659,8.80842
51590.png,7.6072,5.3347
51591.png,7.52722,4.82182
51592.png,6.66568,3.98791
51593.png,7.84594,4.60468
51594.png,7.78742,4.57308
51595.png,7.79405,4.50209
51596.png,6.66372,3.52714
51597.png,7.29139,3.89935
51598.png,9.58334,8.28629
51599.png,6.5287,3.24521
51600.png,7.44277,4.57149
51601.png,6.72893,3.31108
51602.png,6.53021,3.32485
51603.png,6.73701,3.31369
51604.png,6.50444,3.30062
51605.png,7.87112,4.46944
51606.png,6.59215,3.40213
51607.png,6.4785,3.15498
51608.png,6.63811,3.377
51609.png,11.89044,8.83906
51610.png,6.46609,3.72133
51611.png,7.35232,3.8696
51612.png,6.42964,3.49116
51613.png,6.5873,3.26282
51614.png,6.84852,3.92312
51615.png,6.54745,3.27384
51616.png,6.78508,3.99402
51617.png,12.06667,8.59432
51618.png,7.33346,3.9234
51619.png,6.48719,3.19862
51620.png,6.77371,3.88005
51621.png,7.72095,4.45433
51622.png,7.16123,3.32432
51623.png,6.57108,3.37657
51624.png,7.47781,4.57734
51625.png,7.44891,3.97003
51626.png,6.90232,3.72405
51627.png,11.97592,8.5637
51628.png,7.78913,4.5718
51629.png,12.05483,8.5794
51630.png,7.4848,4.82675
51631.png,7.73579,4.56969
51632.png,6.49614,3.3491
51633.png,6.64198,3.55192
51634.png,6.59401,3.36688
51635.png,6.84183,3.19479
51636.png,7.52841,4.82158
51637.png,6.72866,3.31989
51638.png,6.43937,3.56724
51639.png,6.68604,3.27628
51640.png,6.47723,3.76832
51641.png,7.72446,4.5601
51642.png,11.96599,8.57215
51643.png,6.86179,3.9672
51644.png,6.91025,3.76073
51645.png,6.4916,3.20064
51646.png,7.32186,3.886
51647.png,11.81866,8.71409
51648.png,7.47933,4.57392
51649.png,11.40612,9.49286
51650.png,7.90667,4.93094
51651.png,6.83159,3.80547
51652.png,7.69838,4.448
51653.png,6.54083,3.33094
51654.png,11.92444,8.507
51655.png,7.85749,4.63126
51656.png,6.62356,3.35984
51657.png,6.75052,3.22749
51658.png,7.80813,4.5872
51659.png,7.83829,4.48584
51660.png,11.49258,9.40118
51661.png,7.73153,5.26003
51662.png,6.43603,3.47312
51663.png,7.27684,5.24469
51664.png,6.55442,3.39445
51665.png,6.52192,3.24492
51666.png,9.43922,7.9728
51667.png,6.68781,3.32839
51668.png,7.63527,4.61945
51669.png,6.45173,3.43408
51670.png,5.41787,6.046
51671.png,8.00446,4.65267
51672.png,7.71614,4.48355
51673.png,5.32672,6.66724
51674.png,6.8091,3.19973
51675.png,6.63293,3.36905
51676.png,12.03256,8.52254
51677.png,6.70636,3.32057
51678.png,7.50218,4.54777
51679.png,7.1206,4.86489
51680.png,11.93287,8.6157
51681.png,7.39701,3.76131
51682.png,6.19492,6.91924
51683.png,6.4759,3.05446
51684.png,7.43027,4.56867
51685.png,9.35401,8.12203
51686.png,6.5504,3.23816
51687.png,7.08103,4.82242
51688.png,7.39423,4.17544
51689.png,7.87027,4.64987
51690.png,6.87622,3.70173
51691.png,11.6597,9.29681
51692.png,6.50864,3.26574
51693.png,6.07569,7.00272
51694.png,6.46212,3.42984
51695.png,6.61074,3.99904
51696.png,6.69196,3.49116
51697.png,7.84192,4.48631
51698.png,9.64156,8.44895
51699.png,9.58126,8.2926
51700.png,6.6391,3.25194
51701.png,12.08506,8.74316
51702.png,7.15241,4.74608
51703.png,6.52892,3.35001
51704.png,6.77755,3.41149
51705.png,7.83118,4.53973
51706.png,7.15167,3.38978
51707.png,7.81317,4.48468
51708.png,8.05221,4.77957
51709.png,6.90594,3.6524
51710.png,6.43487,3.46184
51711.png,6.49841,3.29221
51712.png,7.33471,3.93022
51713.png,6.58057,3.62213
51714.png,11.55724,9.14502
51715.png,11.82572,8.90507
51716.png,7.83414,4.59762
51717.png,7.27356,3.85867
51718.png,11.63179,9.33877
51719.png,6.48745,3.60318
51720.png,6.69944,3.27687
51721.png,7.64651,5.25449
51722.png,6.47079,3.77762
51723.png,7.50734,4.61249
51724.png,7.7907,4.58169
51725.png,7.90329,4.39182
51726.png,6.54246,3.39431
51727.png,9.64314,8.44671
51728.png,6.44665,3.46639
51729.png,7.37835,3.94192
51730.png,7.101,4.82884
51731.png,6.5311,3.24508
51732.png,12.14683,9.16598
51733.png,7.33769,3.86362
51734.png,7.80706,4.50872
51735.png,6.50682,3.33978
51736.png,6.43471,2.99473
51737.png,6.45407,3.39467
51738.png,5.75945,7.22798
51739.png,7.79977,4.56506
51740.png,7.62386,5.20752
51741.png,7.25512,4.3208
51742.png,7.94145,4.70761
51743.png,7.39794,3.94275
51744.png,6.4607,3.6365
51745.png,7.59629,4.63504
51746.png,7.85742,4.47391
51747.png,7.25252,3.55189
51748.png,6.64913,3.24411
51749.png,7.32895,3.91181
51750.png,6.44849,3.53867
51751.png,6.53278,3.21593
51752.png,11.7578,8.94492
51753.png,6.67975,3.32716
51754.png,6.81177,3.91454
51755.png,6.65192,3.24487
51756.png,6.44161,3.50995
51757.png,6.62357,3.30008
51758.png,7.57443,4.20116
51759.png,11.97059,8.50318
51760.png,6.17771,6.5344
51761.png,7.79015,4.57334
51762.png,6.54513,3.33271
51763.png,6.95044,3.93631
51764.png,7.39882,5.05366
51765.png,12.03477,8.64013
51766.png,6.84592,3.62391
51767.png,12.00992,8.5368
51768.png,7.3968,3.80523
51769.png,6.52144,3.32585
51770.png,7.77188,4.58101
51771.png,6.45482,3.67064
51772.png,7.1552,3.37617
51773.png,7.42161,3.82837
51774.png,7.61701,5.16033
51775.png,6.46661,3.27596
51776.png,6.66899,3.32401
51777.png,7.85691,4.62938
51778.png,7.82265,4.26786
51779.png,7.84284,3.94572
51780.png,11.83108,8.50866
51781.png,6.62243,3.4812
51782.png,6.54262,3.24769
51783.png,7.50078,4.45982
51784.png,6.93481,3.67086
51785.png,6.52677,3.37612
51786.png,6.04248,6.94351
51787.png,6.48555,6.39844
51788.png,7.85147,4.33314
51789.png,7.75896,4.53241
51790.png,7.78931,4.74303
51791.png,7.62086,4.82168
51792.png,6.59008,3.37208
51793.png,7.15988,3.40216
51794.png,7.191,5.01075
51795.png,6.6945,3.30016
51796.png,7.90097,4.67113
51797.png,7.93534,4.72346
51798.png,6.5816,3.96311
51799.png,7.9065,4.64547
51800.png,6.59437,3.51162
51801.png,7.78059,4.57158
51802.png,6.48333,3.17463
51803.png,6.44612,3.25511
51804.png,7.41639,3.95281
51805.png,6.4796,3.03892
51806.png,6.6911,3.27383
51807.png,7.89511,4.66912
51808.png,7.34626,3.86763
51809.png,7.55143,4.44904
51810.png,7.77815,4.48701
51811.png,7.37939,3.85298
51812.png,7.99748,5.1317
51813.png,6.46455,3.80848
51814.png,6.62346,3.26389
51815.png,7.29615,3.84007
51816.png,6.59822,3.98686
51817.png,11.62775,9.27884
51818.png,7.82102,4.551
51819.png,6.58204,3.98505
51820.png,12.25691,4.40491
51821.png,11.8771,8.7811
51822.png,6.90584,3.7231
51823.png,6.49041,3.35586
51824.png,6.63412,3.2418
51825.png,7.42496,3.89594
51826.png,6.45676,3.68177
51827.png,7.45924,3.95596
51828.png,7.78136,4.51748
51829.png,7.77949,4.53398
51830.png,6.67583,3.29328
51831.png,12.24004,8.51506
51832.png,6.59094,3.28235
51833.png,11.91841,9.28455
51834.png,7.61977,5.16673
51835.png,7.77214,4.8076
51836.png,6.62602,3.48169
51837.png,7.96201,4.66803
51838.png,6.93952,3.53719
51839.png,7.98228,4.82207
51840.png,7.33428,3.90849
51841.png,7.63345,4.74905
51842.png,11.71256,8.71868
51843.png,6.23774,7.12015
51844.png,7.31477,3.83618
51845.png,7.62789,4.74161
51846.png,11.6709,9.33222
51847.png,7.69046,4.92991
51848.png,7.63555,4.16173
51849.png,7.50188,4.57987
51850.png,6.47565,3.716
51851.png,6.45465,3.27269
51852.png,7.26184,5.38568
51853.png,7.89525,4.2968
51854.png,7.49732,4.48791
51855.png,7.78797,4.55447
51856.png,5.79282,6.86533
51857.png,7.61755,5.23692
51858.png,6.45375,3.42376
51859.png,6.59228,3.23502
51860.png,6.45999,3.25355
51861.png,7.86181,4.24366
51862.png,7.68477,4.81263
51863.png,9.61833,8.40527
51864.png,6.44349,3.56637
51865.png,7.77973,4.51435
51866.png,6.80745,3.43753
51867.png,6.57278,3.37184
51868.png,6.91124,3.75453
51869.png,7.31107,3.87111
51870.png,7.7145,4.50714
51871.png,7.33503,3.87051
51872.png,6.20029,6.91876
51873.png,11.64622,8.51596
51874.png,8.05206,4.82306
51875.png,8.07057,5.29409
51876.png,6.59246,3.59788
51877.png,12.05496,8.56433
51878.png,11.97256,8.58912
51879.png,11.90782,8.60567
51880.png,7.4404,3.90389
51881.png,7.619,5.20378
51882.png,6.61408,3.31334
51883.png,7.48313,4.52672
51884.png,7.90167,4.29462
51885.png,6.58976,3.22234
51886.png,6.51001,3.2747
51887.png,7.65293,4.1812
51888.png,7.19874,3.3902
51889.png,9.60543,8.38652
51890.png,6.46491,3.77895
51891.png,6.4821,3.15982
51892.png,11.69099,9.36145
51893.png,7.8571,4.72566
51894.png,9.77712,8.27876
51895.png,7.47051,4.60718
51896.png,6.62074,3.26414
51897.png,7.28341,4.61602
51898.png,7.72015,4.43644
51899.png,6.45744,3.67822
51900.png,6.47962,3.14603
51901.png,12.01195,8.58525
51902.png,7.25506,5.1787
51903.png,6.72394,3.39686
51904.png,7.79844,4.55447
51905.png,7.7816,4.56022
51906.png,11.72164,8.76146
51907.png,6.85336,3.413
51908.png,6.78466,3.25389
51909.png,6.47628,3.71107
51910.png,7.75956,4.56387
51911.png,6.57916,3.59312
51912.png,12.09793,8.89688
51913.png,7.93655,4.66063
51914.png,6.68144,3.3518
51915.png,7.66117,5.23053
51916.png,6.70181,3.26973
51917.png,7.20308,3.80595
51918.png,6.63755,3.47073
51919.png,6.42926,2.90456
51920.png,9.6198,8.40249
51921.png,7.33477,3.92067
51922.png,6.47065,3.63075
51923.png,6.55904,3.25997
51924.png,7.2702,5.16172
51925.png,7.52859,3.95944
51926.png,6.81051,3.60328
51927.png,11.96335,8.59265
51928.png,7.36435,3.8545
51929.png,6.45293,3.42247
51930.png,6.48057,6.39028
51931.png,6.5432,3.30026
51932.png,7.70367,4.89558
51933.png,6.76528,3.23327
51934.png,6.73163,3.2771
51935.png,7.35319,4.15202
51936.png,6.57586,3.30171
51937.png,6.91463,3.66902
51938.png,9.535,-13.68778
51939.png,27.89192,-15.39873
51940.png,37.12957,-2.80014
51941.png,37.25513,-3.49533
51942.png,28.04501,-15.51726
51943.png,36.82382,-3.99454
51944.png,28.07405,-15.58074
51945.png,36.75578,-4.03624
51946.png,27.93261,-15.59715
51947.png,27.89494,-15.77899
51948.png,36.86894,-5.80706
51949.png,37.13548,-3.67029
51950.png,27.99313159,-15.61894277
51951.png,28.11568,-15.43323
51952.png,37.21531,-3.59101
51953.png,27.76056,-15.58602
51954.png,37.20801,-2.60427
51955.png,36.75474,-3.82138
51956.png,28.14601,-15.42886
51957.png,36.97951,-5.93936
51958.png,32.21133,34.97366
51959.png,31.92714,34.80799
51960.png,31.85094,34.86941
51961.png,31.75886,35.19225
51962.png,31.2476,34.76588
51963.png,31.57894,34.86209
51964.png,31.44278,34.7381
51965.png,32.0378,34.88383
51966.png,32.03411,34.93614
51967.png,31.79526,35.16568
51968.png,31.79423,34.7619
51969.png,32.42206,34.89752
51970.png,31.94348,34.75068
51971.png,31.90227,34.83778
51972.png,32.30114,34.85541
51973.png,31.82492,35.25495
51974.png,31.77284,34.62019
51975.png,31.60433,34.7826
51976.png,32.08022,34.90679
51977.png,31.83167,35.13338
51978.png,31.96138,34.81253
51979.png,32.17373,34.92797
51980.png,31.37732,35.10168
51981.png,32.01255,35.12952
51982.png,31.70169,35.17139
51983.png,31.71855,35.10745
51984.png,32.05667,34.765
51985.png,31.3499,34.63952
51986.png,31.95819,35.33858
51987.png,32.00405,35.25332
51988.png,31.79014,35.19368
51989.png,31.78655,35.21943
51990.png,32.29976,34.95071
51991.png,32.01826,34.79926
51992.png,32.18411,34.8742
51993.png,31.91934,35.18076
51994.png,32.42277,34.92385
51995.png,31.78505,35.06546
51996.png,31.78504,34.72935
51997.png,32.12408,34.79409
51998.png,31.66509,34.56578
51999.png,32.11613,34.81608
52000.png,31.40482,34.47622
52001.png,31.8889,35.22391
52002.png,32.03758,34.75466
52003.png,31.72894,35.20001
52004.png,31.76199,34.78853
52005.png,31.91758,34.79989
52006.png,32.12556,35.23261
52007.png,31.80759,34.66209
52008.png,31.73999,35.03362
52009.png,31.3359,35.04159
52010.png,32.06139,34.76792
52011.png,31.78869,34.71584
52012.png,31.93082,34.79088
52013.png,31.59985,34.90032
52014.png,31.24333,34.79733
52015.png,31.57989,34.87654
52016.png,31.41776,34.59764
52017.png,32.01935,34.76635
52018.png,31.67912,34.5571
52019.png,31.75821,35.16855
52020.png,32.41526,34.90374
52021.png,32.47671,35.00081
52022.png,31.88185,35.22197
52023.png,32.48087,34.98474
52024.png,31.87285,35.16788
52025.png,31.80969,34.64285
52026.png,32.10591,34.81807
52027.png,31.87994,34.7747
52028.png,32.16621,34.87251
52029.png,32.0974,34.98178
52030.png,31.59315,34.89554
52031.png,32.10107,34.95251
52032.png,32.32261,34.90078
52033.png,31.86396,34.8212
52034.png,32.09216,34.79499
52035.png,32.06712,34.76503
52036.png,31.81873,34.80033
52037.png,31.88933,34.82086
52038.png,32.26954,35.09159
52039.png,31.72954,35.18896
52040.png,31.88437,35.17601
52041.png,31.67157,34.92727
52042.png,31.4307,34.58854
52043.png,32.0839,34.8977
52044.png,32.17758,34.8034
52045.png,32.04211,34.95104
52046.png,31.79935,35.22224
52047.png,31.90497,34.91378
52048.png,31.91544,34.78221
52049.png,32.30549,34.94797
52050.png,31.93637,34.80604
52051.png,31.39547,34.75699
52052.png,32.01013,34.76186
52053.png,32.15081,34.8858
52054.png,32.06732,34.86952
52055.png,32.47202,34.97524
52056.png,32.15603,35.09916
52057.png,31.87706,35.24798
52058.png,31.35674,34.79431
52059.png,32.24487,34.91436
52060.png,31.87264,35.25455
52061.png,32.14663,34.87735
52062.png,31.69544,35.17305
52063.png,32.18491,34.8539
52064.png,31.88642,35.09835
52065.png,32.17622,35.07658
52066.png,32.17725,34.93392
52067.png,31.79262,34.70621
52068.png,31.8,35.22454
52069.png,32.15521,34.93684
52070.png,32.46958,35.00438
52071.png,31.80781,34.83345
52072.png,32.09159,35.34813
52073.png,31.81823,35.34325
52074.png,31.06117,35.03262
52075.png,31.82938,34.68682
52076.png,32.15096,34.83178
52077.png,31.86349,34.81592
52078.png,31.4052,34.758
52079.png,31.92923,34.86563
52080.png,31.96652,34.81928
52081.png,32.31174,34.93077
52082.png,31.65692,35.15349
52083.png,31.43066,35.02631
52084.png,31.78734,35.2352
52085.png,32.14294,34.9662
52086.png,31.87622,34.72652
52087.png,31.82036,34.77732
52088.png,32.19193,34.81673
52089.png,31.80838,35.20662
52090.png,32.47973,34.93918
52091.png,32.09096,34.97066
52092.png,32.07988,34.82531
52093.png,32.12237,34.83917
52094.png,32.15948,34.97636
52095.png,31.84449,34.98146
52096.png,31.87723,35.21892
52097.png,32.05971,34.8732
52098.png,31.79545,34.73306
52099.png,31.62837,34.79347
52100.png,31.66046,34.55197
52101.png,31.37419,34.78193
52102.png,31.90922,34.90021
52103.png,31.26318,35.02219
52104.png,31.88739,34.78893
52105.png,31.81693,34.78997
52106.png,31.87318,34.74074
52107.png,32.24712,34.90721
52108.png,31.27435,34.81213
52109.png,31.88628,35.21441
52110.png,31.96052,34.77297
52111.png,31.65694,34.76337
52112.png,31.82452,34.84897
52113.png,31.62323,34.70006
52114.png,32.31017,34.90012
52115.png,31.77636,35.23626
52116.png,32.1109,35.1344
52117.png,31.73655,35.0655
52118.png,31.85853,35.22225
52119.png,31.09147,35.22899
52120.png,31.68134,34.56484
52121.png,31.78896,34.76572
52122.png,32.43844,34.91175
52123.png,32.47902,34.97323
52124.png,32.24846,34.92412
52125.png,32.18142,34.93873
52126.png,32.1378,34.78878
52127.png,32.18,34.85282
52128.png,31.94651,35.139
52129.png,31.9765,34.79954
52130.png,32.52436,34.90247
52131.png,32.17904,34.80546
52132.png,32.07048,34.85574
52133.png,31.78187,35.21162
52134.png,31.76727,35.16601
52135.png,31.77911,35.18568
52136.png,31.9198,35.19868
52137.png,31.94797,34.76818
52138.png,31.71699,35.19519
52139.png,32.02266,34.8056
52140.png,32.18359,34.99613
52141.png,31.53186,35.08732
52142.png,31.8894,35.21671
52143.png,31.78853,35.10023
52144.png,32.13475,34.92667
52145.png,32.17655,35.07987
52146.png,31.78257,35.15971
52147.png,32.19382,34.90779
52148.png,31.64666,34.58098
52149.png,32.08051,35.27353
52150.png,31.71134,35.19796
52151.png,32.19199,34.87738
52152.png,32.17655,34.92014
52153.png,32.03594,34.96531
52154.png,31.39811,34.47205
52155.png,31.77802,35.12225
52156.png,31.85773,35.22252
52157.png,32.09583,34.7966
52158.png,31.99775,34.76515
52159.png,31.68078,34.57492
52160.png,31.78559,34.71341
52161.png,31.8371,35.23938
52162.png,32.15916,34.83584
52163.png,31.691,35.00603
52164.png,31.68387,34.97177
52165.png,32.10496,35.19629
52166.png,31.8578,34.82547
52167.png,31.7345,34.75644
52168.png,31.78502,34.66883
52169.png,31.79875,35.11858
52170.png,31.9338,34.85381
52171.png,31.73284,35.17994
52172.png,32.46639,34.95854
52173.png,31.82166,34.74722
52174.png,31.69365,35.11637
52175.png,32.12605,34.99679
52176.png,31.77542,35.24253
52177.png,31.64896,34.58089
52178.png,32.17665,34.84652
52179.png,31.78896,35.22008
52180.png,31.74817,35.22552
52181.png,35.89972,14.51472
52182.png,35.95792,14.36291
52183.png,35.82639,14.55768
52184.png,36.06325,14.2088
52185.png,35.874,14.47155
52186.png,35.88636,14.50018
52187.png,36.01634,14.33257
52188.png,35.98716,14.36109
52189.png,35.94591,14.38925
52190.png,35.97279,14.32868
52191.png,35.86413,14.3728
52192.png,-23.73249,29.07136
52193.png,-23.78588,29.17148
52194.png,-24.55432,29.44766
52195.png,-26.49697,29.20343
52196.png,-23.90361,29.50325
52197.png,-23.9396,29.45532
52198.png,-23.86051,29.39874
52199.png,-26.47505,29.62468
52200.png,-26.94941,29.24454
52201.png,-27.71314,31.04484
52202.png,-26.85692,29.25407
52203.png,-24.35918,28.84202
52204.png,-27.28456,30.68759
52205.png,-24.18802,29.00209
52206.png,-26.69644,28.9851
52207.png,-24.22175,29.34313
52208.png,-26.49885,29.20385
52209.png,-26.46015,28.78898
52210.png,-24.42919,28.80789
52211.png,-27.3911,30.84194
52212.png,-26.68164,29.5914
52213.png,-26.5653,29.08776
52214.png,-26.74362,28.76967
52215.png,-24.31391,28.92581
52216.png,-24.17669,28.99641
52217.png,-27.29549,30.47361
52218.png,-23.8553,29.3805
52219.png,-27.37753,29.61908
52220.png,-27.76952,30.79165
52221.png,-26.78231,28.99239
52222.png,-24.19436,29.00974
52223.png,-24.0945,29.23539
52224.png,-26.58398,29.45984
52225.png,-28.03508,30.32778
52226.png,-24.55335,29.44644
52227.png,-27.75867,30.79675
52228.png,-26.73735,29.60719
52229.png,-26.52354,29.18299
52230.png,-26.50145,28.8255
52231.png,-26.84933,28.88384
52232.png,-23.89232,29.42192
52233.png,-26.54383,28.8095
52234.png,-23.90955,29.47838
52235.png,-24.49594,28.73946
52236.png,-27.02108,29.34499
52237.png,-23.72881,29.0828
52238.png,-24.47468,28.68165
52239.png,-26.49944,29.20551
52240.png,-26.52226,29.22427
52241.png,-23.70776,29.41099
52242.png,-27.98278,30.7059
52243.png,-26.5833,29.0536
52244.png,-26.93366,29.24152
52245.png,-26.48276,29.1065
52246.png,-26.6921,28.78989
52247.png,-27.08694,29.25698
52248.png,-26.54627,29.23914
52249.png,-26.46122,29.45595
52250.png,-27.77663,30.81772
52251.png,-28.23175,30.48388
52252.png,-26.665,28.87188
52253.png,-23.87911,29.50553
52254.png,5.29548,-3.98996
52255.png,5.29501,-3.98348
52256.png,33.98692,-6.83925
52257.png,33.99208,-6.82412
52258.png,33.90097,-5.56535
52259.png,34.02292,-6.83119
52260.png,-0.35312,36.05383
52261.png,0.73442,34.60974
52262.png,0.53391,34.54698
52263.png,0.4185,36.0319
52264.png,-0.26218,36.18781
52265.png,-0.17297,35.90954
52266.png,0.29062,34.5019
52267.png,0.23935,34.43745
52268.png,-0.18239,36.77408
52269.png,-0.12651,36.15816
52270.png,0.36011,34.40167
52271.png,0.07832,34.50607
52272.png,-0.26702,36.03535
52273.png,0.31128,36.56148
52274.png,0.68567,34.31014
52275.png,-0.25853,36.12039
52276.png,-0.12446,36.60697
52277.png,0.06563,34.53084
52278.png,-0.25514,36.21807
52279.png,-0.34566,35.96756
52280.png,0.75804,34.55141
52281.png,-0.28274,36.0483
52282.png,0.08955,36.82879
52283.png,-0.18978,36.50505
52284.png,0.03422,36.41767
52285.png,0.10875,34.48608
52286.png,3.54517,35.25006
52287.png,0.58337,34.56302
52288.png,-0.32277,36.14362
52289.png,0.09932,34.20589
52290.png,0.46005,34.11169
52291.png,-0.35347,36.14914
52292.png,-0.44217,36.8587
52293.png,0.16866,34.42472
52294.png,-0.35703,36.01312
52295.png,0.58834,34.56843
52296.png,0.31808,36.31087
52297.png,0.25242,35.90018
52298.png,0.38084,36.64319
52299.png,0.265,34.18513
52300.png,3.08996,35.58982
52301.png,0.03813,36.36339
52302.png,0.09533,36.78687
52303.png,3.11988,35.59642
52304.png,37.14597,-8.63498
52305.png,37.11529,-8.15873
52306.png,37.25398,-8.1577
52307.png,37.17441,-8.02453
52308.png,37.24985,-8.64627
52309.png,37.13171,-7.7563
52310.png,37.11408,-8.11428
52311.png,37.34531,-8.52532
52312.png,37.15793305,-8.13002457
52313.png,37.13808,-7.84917
52314.png,37.21361,-8.26395
52315.png,37.14862,-7.95513
52316.png,37.16632,-7.76742
52317.png,37.32817,-7.80401
52318.png,37.30533,-8.25394
52319.png,37.07885,-7.82737
52320.png,37.08461,-8.25841
52321.png,37.03366,-7.9741
52322.png,37.21361,-8.60168
52323.png,37.12611,-8.58268
52324.png,37.20902,-8.50471
52325.png,37.08877,-8.03371
52326.png,37.32791,-7.80173
52327.png,37.27634,-8.26633
52328.png,37.24366,-8.36547
52329.png,37.13224,-8.74096
52330.png,37.05453,-8.04695
52331.png,37.13441,-8.23359
52332.png,37.3298,-8.57043
52333.png,37.1222,-7.9629
52334.png,37.23791,-8.61235
52335.png,37.25801,-8.2581
52336.png,37.09407,-8.22827
52337.png,37.20769,-8.50306
52338.png,37.22053,-8.54159
52339.png,37.28377,-8.2657
52340.png,37.12301,-8.56495
52341.png,37.16985,-8.53258
52342.png,37.27335,-7.96066
52343.png,37.09336,-8.66856
52344.png,37.23438,-7.98283
52345.png,37.24389,-8.0521
52346.png,37.05697,-8.06201
52347.png,37.23375,-8.18201
52348.png,37.1855,-8.70016
52349.png,37.08819,-8.2503
52350.png,37.17023,-7.75376
52351.png,37.1586,-8.63123
52352.png,37.20626,-8.17934
52353.png,37.14763,-7.88362
52354.png,37.03876,-8.04911
52355.png,37.10572,-8.66608
52356.png,37.33889,-7.81948
52357.png,37.08905,-8.02907
52358.png,37.13204,-8.32482
52359.png,31.8114,34.74616
52360.png,32.02655,34.74968
52361.png,31.9625,34.89807
52362.png,32.10091,34.77456
52363.png,32.06115,34.78415
52364.png,31.9777,34.75652
52365.png,31.84714,34.91458
52366.png,32.1864,34.8645
52367.png,31.78862,35.619
52368.png,32.07856,34.88032
52369.png,31.78336,35.23388
52370.png,31.95649,34.8236
52371.png,32.15203,34.90726
52372.png,32.19276,35.26748
52373.png,32.07784,35.08976
52374.png,31.65142,34.91954
52375.png,31.78561,35.10062
52376.png,31.92594,35.65919
52377.png,32.17919,35.14693
52378.png,31.75622,35.23632
52379.png,31.94938,34.88442
52380.png,32.1848,35.01997
52381.png,31.92239,34.92842
52382.png,31.30935,35.35353
52383.png,32.1034,34.81568
52384.png,32.13677,34.82796
52385.png,31.3686,34.81071
52386.png,31.97023,34.76582
52387.png,31.90709,35.17231
52388.png,31.87107,35.46426
52389.png,32.17518,34.95907
52390.png,32.04784,34.9275
52391.png,31.8879,34.91683
52392.png,31.69138,35.10913
52393.png,31.86556,35.4648
52394.png,32.081,34.87741
52395.png,31.88531,35.43476
52396.png,32.20848,35.54949
52397.png,32.09391,34.77671
52398.png,32.17272,35.01882
52399.png,31.41077,34.84099
52400.png,31.75583,35.22939
52401.png,31.80735,35.31477
52402.png,31.79694,35.21494
52403.png,31.77805,35.05245
52404.png,31.96534,34.8195
52405.png,32.14842,34.87561
52406.png,31.91877,35.18407
52407.png,31.81059,34.7811
52408.png,31.39087,34.78877
52409.png,32.16813,34.89834
52410.png,32.07793,34.8493
52411.png,31.93601,34.85617
52412.png,32.07611,35.28395
52413.png,31.9768,34.88731
52414.png,32.08406,34.82301
52415.png,31.77475,35.18094
52416.png,31.77083,35.16145
52417.png,32.21937,34.99135
52418.png,31.762,35.14184
52419.png,31.98611,34.77213
52420.png,31.60328,34.90263
52421.png,31.95259,34.78336
52422.png,32.06063,34.85069
52423.png,31.80993,34.99498
52424.png,31.53762,35.13257
52425.png,32.08381,34.88485
52426.png,31.69653,35.17419
52427.png,31.90172,34.8379
52428.png,31.88198,34.78739
52429.png,31.85082,35.03171
52430.png,32.19509,35.26735
52431.png,31.87289,35.46583
52432.png,31.64818,35.17325
52433.png,31.88433,34.85332
52434.png,31.82008,35.37957
52435.png,31.975,35.25108
52436.png,32.05305,34.76675
52437.png,31.79763,35.25211
52438.png,31.89272,35.20644
52439.png,31.30749,35.12753
52440.png,31.93815,35.04242
52441.png,31.84799,35.65898
52442.png,31.32093,34.88607
52443.png,32.25193,34.87052
52444.png,-21.18556,27.49769
52445.png,-21.16793,27.55684
52446.png,-21.38311,27.4646
52447.png,-21.21476,27.53414
52448.png,35.69295,10.43041
52449.png,35.90065,10.54477
52450.png,36.86102,10.29465
52451.png,36.89574,10.31896
52452.png,37.16111,10.24457
52453.png,36.85408,10.27409
52454.png,35.46896,10.65672
52455.png,35.69644,10.10392
52456.png,35.8773,10.5807
52457.png,36.76807,10.19503
52458.png,36.23261,10.43165
52459.png,36.86199,10.29082
52460.png,36.77131,10.20477
52461.png,36.76656,10.19592
52462.png,36.75233,10.12574
52463.png,36.2629,10.42872
52464.png,36.05047,10.40519
52465.png,36.81529,10.08212
52466.png,35.67325,10.85076
52467.png,36.75681,10.17968
52468.png,36.86284,10.28324
52469.png,35.90965,10.58336
52470.png,36.72736,10.24583
52471.png,35.97094,10.463
52472.png,37.13556,9.77661
52473.png,36.47111,10.80131
52474.png,36.5823,10.50957
52475.png,35.54116,10.65745
52476.png,35.67641,51.29152
52477.png,35.74601,51.33685
52478.png,35.54002,51.24588
52479.png,35.68976,51.41735
52480.png,35.70076,51.40505
52481.png,35.72333,51.38242
52482.png,35.87618,50.8901
52483.png,36.03177,51.21517
52484.png,-3.85245,15.09472
52485.png,8.39103,-13.26085
52486.png,8.48714,-13.2356
52487.png,8.44323,-13.23569
52488.png,-6.45621,38.98121
52489.png,-6.82169,39.28593
52490.png,-6.36961,39.28542
52491.png,-6.45502,38.98878
52492.png,-6.34129,39.55716
52493.png,-6.44466,39.46881
52494.png,32.61603,44.02488
52495.png,32.54784,44.23949
52496.png,37.19063,40.59264
52497.png,37.09113,37.37992
52498.png,37.06208,37.44728
52499.png,36.77682,37.07129
52500.png,37.05944,37.3825
52501.png,37.18493,37.13443
52502.png,37.18399,37.3194
52503.png,37.33141,37.6392
52504.png,37.2227,37.76216
52505.png,36.95678,37.44458
52506.png,37.04138,37.53522
52507.png,37.05577,37.30613
52508.png,37.14529,29.56225
52509.png,37.14833,37.70369
52510.png,37.30095,37.18403
52511.png,37.04513,37.3409
52512.png,37.02587,37.37521
52513.png,37.12953,29.49393
52514.png,37.04589,37.42027
52515.png,36.71494,37.39185
52516.png,36.99549,37.78337
52517.png,36.9976,37.43902
52518.png,37.19776,40.60113
52519.png,37.09421,37.39297
52520.png,37.09486,41.22825
52521.png,37.00351,37.38296
52522.png,36.91177,37.84641
52523.png,37.1042,37.65135
52524.png,37.22456,37.34989
52525.png,37.02519,37.79939
52526.png,37.32095,40.71407
52527.png,37.14039,37.67711
52528.png,37.05286,37.39372
52529.png,-1.99614,30.19281
52530.png,13.63855,-15.61482
